ROUTINES,,,,,,,,
Name,Type,MEMORY,CPU,Cost,Availability,Legality,Effect,Description
Skillsoft (Skill name),Utility Routine,1,1,10000,COMMON,No Permit,Grants a SMALL bonus to one pre-selected skill (Determined at purchase),Provides an AI that will assist you when performing (pick one skill) checks
Data Purge,Utility Routine,1,1,10000,COMMON,No Permit,"If an attack would reduce your INTERNAL or CORE SYSTEM to 0, your NETWORK controller RESETS (All routines are offline) but the attack is negated.",Emergency system reboot designed as a last line of defense against hackers.
Cyberwall I,Utility Routine,1,1,10000,COMMON,No Permit,Grants a SMALL bonus to SOAK against TECH damage,SOAK reinforcement for a network users.
Mr. Fix-it,Utility Routine,2,1,10000,COMMON,No Permit,Any NETWORK NODE running Mr. Fix-It recover 1 SYSTEM during each maintenance.,Mr. Fix-It monitor's and maintain the SYSTEM of your network.
Gorilla backup,Utility Routine,1,3,30000,UNCOMMON,Restricted,You can transfer your entire DATACOM's memory to any other network NODE as a QUICK action (receiving node must have enough memory),Allows rapid movement of data of your network devices MEMORY.
Dr Tavish personal assistant,Utility Routine,1,1,10000,COMMON,No Permit,"Provides real time translation of any language, including some obscure darkspace dialects.",Popular commercial grade universal translator
McTavish Pro,Utility Routine,1,1,10000,COMMON,No Permit,"When your network takes any amount of SYSTEM damage, all NODE owners on the network gain a LARGE bonus to TECH SOAK until next maintenance",Corporate grade of the McTavish routines
Honey Pot,Utility Routine,1,1,10000,UNCOMMON,Restricted,"While Honey Pot is active, you can destroy it to steal one PROGRAM used against your network in the last turn.",Allows the capture of PROGRAM used against your network.
Noise Maker,Utility Routine,1,1,10000,UNCOMMON,Restricted,Grants a LARGE bonus to defenses against all CYBERINTEL attacks while your EXTERNAL NETWORK is still standing. Lose the effect if attacker has reached your INTERNAL NETWORK.,Defense against remote connections
Misdirection,Utility Routine,1,1,30000,RARE,Restricted,While active any effect that is not SYSTEM damage that would target the HOST NODE can be redirected to an allied CLIENT NODE of the defenders choice.,Provides the ability to setup cyber decoys
Encryption ,Utility Routine,1,1,10000,UNCOMMON,Restricted,"All PROGRAMS, GADGETS, ROUTINES and any data on the networks MEMORY are now considered CORE data and cannot be accessed by attackers until they reach the CORE NETWORK layer.",Encrypt all network data with a key that is only accesible from the CORE network.
ICE Pick,Utility Routine,1,1,10000,UNCOMMON,Restricted,All TECH attacks gain the DP modifier (Target Breached but -1 DMG),A black market tool designed to increase your hacking capabilities.
Cyberwall II,Utility Routine,2,1,20000,UNCOMMON,No Permit,Grants a LARGE bonus to SOAK against TECH damage,An improved version of the Cyberwall software.
Pink Slip,Utility Routine,1,1,10000,UNCOMMON,No Permit,You can SACRIFICE this program to remove any NODE (including the HOST NODE) in your network as QUICK action. Removing the HOST NODE removes the entire NETWORK.,Provides the NETWORK CONTROLLER with a quick way to boot NODES from their network.
Smoke bomb 3.8,Utility Routine,1,1,10000,UNCOMMON,Illegal,Provides a LARGE bonus to OBFUSCATE skill checks,A hacker specialized tool that help reduce the odds of raising an alarm.
Getaway Driver,Utility Routine,2,1,20000,UNCOMMON,No Permit,When connected to a VEHICULE this ROUTINE can PILOT/NAVIGATE at a skill of 5 with a LARGE bonus. ,Advanced pilot AI with combat driving assistance.
Yotoma Dragon Hoard,Utility Routine,1,1,30000,RARE,Restricted,"Pick one ROUTINE running on your NETWORK. That routine can never be the target of any hostile action, including SCAN until Dragon Hoard ends or your NETWORK is DESTROYED.",Advanced backup routine to ensure complete data INTEGRITY
Second Sight,Utility Routine,1,1,10000,UNCOMMON,No Permit,Passivelly grant a LARGE bonus to PERCEPTION checks and TECH SOAK made against OBFUSCATE or CONCEALMENT checks. ,Tactical monitoring AI that constantly watches for hidden threats.
Yotoma Dragonscale,Utility Routine,1,1,30000,RARE,No Permit,CYBER ATTACKs and DISRUPT HACKING rolls against your network have a LARGE penalty.,A high end protection routine for your devices
OrionWorks Publi-X,Utility Routine,1,1,50000,LIMITED,Restricted,Provides a LARGE bonus to any action or damage performed against TRONIKS,Fuck the TRONIKS
Super Bleach,Utility Routine,1,1,50000,LIMITED,Illegal,"Anyone running this routine, can once per SCENE,cancel the first ALARM triggered by disconnecting from the target network. The target network resets to its default SYSTEM value as if no one had attempted to infiltrate it. This routine has no effect on subsequent alarms.",Never ever leave a trace ever again
Sabotage,Utility Routine,1,1,10000,UNCOMMON,Restricted,Anyone running this routine gains the EMP special modifier to any non OLD ENERGY weapon.,Attack routine designed to overload circuits of Drones and Robots
Pocket Shrink,Utility Routine,2,2,60000,RARE,No Permit,Anyone running this routine recovers 1 MORALE during maintenance as long as they are not suffering from a SEVERE TRAUMA.,Monitors mental health of network users.
User Manual,Utility Routine,2,1,20000,UNCOMMON,No Permit,All technological devices that are connected to the network have their EXPERTISE increased by 3,Provides real time help when using technological devices.
Unity,Utility Routine,2,2,110000,LIMITED,Classified,"While active, every user that runs Unity gains the ADAPTATION special modifier if their defense is a FORCEFIELD or DATACOM. In addition Unity spreads the Adaptation defense increase to everyone running it and not just the person being hit.",Advanced forcefield management software
Locksmith,Utility Routine,1,1,30000,RARE,Restricted,"LARGE bonus to any skill checks made when trying to bypass intrusion prevention mechanism (doors, locks, keypads)",A helper routine specially designed to assist breaking into secure locations
Truth Serum,Utility Routine,1,1,30000,RARE,Restricted,LARGE bonus any skill check made to determine if someone is lying to you or when trying to extract information from a target,Lie detection
Combat HUD,Utility Routine,1,1,30000,RARE,Restricted,"Grants a SMALL bonus to any skill used as a combat actions against a target (guns, hacking, spells, martial arts etc.)",Fully automated combat AI and tactical suite
Overload,Utility Routine,1,1,30000,RARE,Illegal,All NETWORK devices have a SMALL bonus to TECH damage.,Use hacking to cause another device to emit an electric arc.
Watchdog Rexxx,Utility Routine,2,1,30000,RARE,Illegal,Anyone that inflicts SYSTEM DAMAGE to a NODE running Watchdog Rexxx gets inflicted by a LOCK-ON AILMENT.,"Your own loyal cyberdog, that will bite anyone foolish enough to attack you."
Personal Assistant,Utility Routine,2,1,30000,RARE,No Permit,This AI can provide assistance and perform complex tasks not covered by standard datacom AI. Treat it as having average intelligence and the same skill levels as its user.,A specialized AI assistant designed to provide assistance with just about anything.
Buffbot,Utility Routine,1,2,50000,RARE,Restricted,"While Buffbot is running, pick one ROUTINE on deployment (other than Buffbot). CLIENT NODES on the NETWORK can now run the selected ROUTINE without expending any CPU.",Advanced ROUTINE management that can optimize CPU usage.
Terminator protocols,Utility Routine,1,2,50000,RARE,Illegal,While running this ROUTINE adds the following property when targetting anyone under the effect of LOCK-ON : Any attack against the target has its critical range improved by 1 point.,Provides military grade AI designed to find vulnerabilities.
Backupotron MK 2,Utility Routine,1,1,50000,LIMITED,Illegal,While Backupotron MK 2 is running your datacom's content will not be DESTROYED if your CORE NETWORK is reduced to 0 SYSTEM. Instead a backup of all of your content will be hidden on the public NETWORK. You can attempt to retrieve it at a later time and date assuming you're willing to risk TRONIK exposure.,"A network version of the Dragon Hoard routine, ripped and rewritten for use by hackers."
Witch Doctor,Utility Routine,1,1,30000,RARE,Restricted,While Witch Doctor is active you gain a LARGE bonus to SOAK on HEALTH and MORALE damage but any damage that gets past your SOAK is dealt to both HEALTH and MORALE.,Greatness demands sacrifice
Pinkeye,Utility Routine,1,1,30000,RARE,Illegal,"If you have access to the target's INTERNAL NETWORK, CRITICAL SUCCESS of any attacks that deal MORALE damage gains the ONG special effect. If you have access to the target's CORE NETWORK this instead applies on every hit, regardless of critical success or not.",Neural warfare protocol designed to impair visual senses
Killer nanobots,Utility Routine,1,1,10000,UNCOMMON,Illegal,While running this ROUTINE adds the following property when targetting anyone under the effect of LOCK-ON : Target has VULNERABILITY 1 to all damage.,Hacking also causes target's nanobots to attempt to kill their owner.
Beryl Protocol,Utility Routine,1,1,50000,LIMITED,Restricted,"While this routine is running, any unused CPU from the previous round grants rerolls vs AILMENTS and conditions during MAINTENANCE.",Monitors your mental health and auto terminates lasting threats.
Matter processor ,Utility Routine,1,1,30000,RARE,Restricted,Reload actions of connected devices is improved by 1 category up to a maximum of Quick / 1 round(s),Optimize weapon reload systems and munition consumption.
BOOMSTICK!,Utility Routine,1,1,30000,RARE,Illegal,"While active you overwrite the POWER value of all TEK weapons you operate to be: LOC (HIGH at short range, MEDIUM at medium range and LOW at long range)",Modify the wavelength of your datacom's comunication output to maximize destructive potential.
Recursive Loop,Utility Routine,1,2,50000,RARE,Illegal,While active all TEK weapons you operate gain Burst Fire option.,A modification to your datacom core functionality that allows for multiple actions simultaneously
Ghost 2.2,Utility Routine,2,1,60000,LIMITED,Restricted,When making any HACKING CYBERINTEL OR OPERATOR skill checks while OBFUSCATED your critical range is increased by 3 and on a critical results your OBFUSCATION count does not go down for that action.,Quality hacking will no longer trigger alarms.
Cyberwall Nano,Utility Routine,2,2,110000,LIMITED,Illegal,While Cyberwall Nano is running you have a LARGE bonus to SOAK against SYSTEM damage.,A network version of the Cyberwall software. This version has seen some use outside of networks.
Carnifex Ultra-Violet,Utility Routine,1,1,50000,LIMITED,Restricted,"SOAK checks made against any of your HACKING, OPERATOR or CYBERINTEL attacks are UNLUCKY.","Its Carnifex, it devours threats about as well as your budget."
Distributed Denial of Service,Utility Routine,1,2,100000,LIMITED,Illegal,While active all TEK weapons you operate gain the FULL AUTO option,"Why limit yourself to one result when you can have all of them at once, satisfaction guaranteed!"
Killdog Rexxx,Utility Routine,2,2,500000,UNIQUE,Illegal,Anyone that inflicts SYSTEM DAMAGE to a NODE running Killdog Rexxx gets inflicted by a LOCK-ON AILMENT. While this LOCK-ON persists any attacks on the target are guaranteed Critical Success.,A black market modified Rexxx that is lethal.
Nordcorp Protocol 0,Utility Routine,2,2,500000,UNIQUE,Illegal,"While running Protocol 0, the minimum DATACOM defense value of a Defense Matrix is MEDIUM and DATACOM SOAK checks results are always at maximum value.","Trust me man, this thing does not exist, otherwise hackers would be out of business."
Basic Wall,Defense Matrix,1,1,20000,COMMON,No Permit,A general purpose wall that provides the following defenses ratings : Physical LOW / Energy MEDIUM / Tech MEDIUM / Spiritual LOW,Better than nothing
Adaptive Wall,Defense Matrix,2,2,100000,RARE,No Permit,Adaptive wall grants LOW defense to all types and  HIGH defense against any attacks from target that suffers from a LOCK ON that belongs to your network,
Virtual Wall,Defense Matrix,1,1,20000,UNCOMMON,No Permit,An anti TECH wall that provides the following defenses ratings : Physical LOW / Energy LOW / Tech EXTREME / Spiritual LOW,Specialized wall to protect from tech attacks
Stone Wall,Defense Matrix,1,1,20000,UNCOMMON,No Permit,An anti PHYSICAL wall that provides the following defenses ratings : Physical EXTREME / Energy LOW / Tech LOW / Spiritual LOW,Specialized wall to protect from physical attacks
Fire Wall,Defense Matrix,1,1,20000,UNCOMMON,No Permit,An anti ENERGY wall that provides  the following defenses ratings : Physical LOW / Energy EXTREME / Tech LOW / Spiritual LOW,Specialized wall to protect from energy attacks
Spirit Wall,Defense Matrix,1,1,20000,UNCOMMON,No Permit,An anti SPIRITUAL wall that provides  the following defenses ratings : Physical LOW / Energy LOW / Tech LOW / Spiritual EXTREME,Specialized wall to protect from spiritual attacks
Combat Wall,Defense Matrix,2,2,100000,RARE,Restricted,As long as you have NANITES available you can spend 1 of them as a FREE ACTION to raise the DEFENSE of Combat Wall by 1 category against that attack. Defense value reverts to normal after the attack,Military grade warfare wall designed to protect combat engineers
Slick's Wall of Awesome,Defense Matrix,2,2,840000,UNIQUE,Restricted,While this wall is active you gain 1 NANITE (up to your maximum) every time you defend against an attack.,
Fly trap Wall,Defense Matrix,2,1,60000,RARE,Illegal,Any attacker that attacks someone running this wall gains an automatic LOCK ON against them.,
Nulify Defenses,Tronik Routine,3,2,120000,LIMITED,Classified,"While active all of your attacks will change to one of either PHYSICAL, ENERGY, TECH or SPIRITUAL matching the target's lowest DEFENSE",Tronik warfare routine
Conference Call,Utility Routine,1,1,10000,COMMON,No Permit,When Conference Call is running your ASSISTANCE actions now grant the skill bonus to the entire NETWORK,A corporate tool designed to assist multiple employees at once
Cyber Mole,Utility Routine,1,1,10000,UNCOMMON,Illegal,"When Cyber Mole is running the OBFUSCATE action is modified so that if you are already inside an INTERNAL or CORE target NETWORK, you gain a LARGE bonus HACKING and CYBERINTEL skill checks as long as you stay OBFUSCATED.",A silent stealth program that will help mask the user's actions against a network.
Magnetron,Utility Routine,1,1,10000,UNCOMMON,Illegal,"When Magnetron is running the SCRAMBLE action now also applies a LARGE penalty to all HACKING, CYBER INTEL and OPERATOR skill checks done within SCRAMBLE range (friend or foe).",An improved scramble attack causing random connection issues to the infected network
Reinforcement,Utility Routine,1,1,10000,COMMON,No Permit,When Reinforcement is running the SCRAMBLE action grants everyone in your network a LARGE BONUS to SOAK against all TECH attacks not performed in melee range.,An improved scrambler that massively improves power output
Pufferfish,Utility Routine,2,1,30000,RARE,No Permit,When Pufferfish is running the SCRAMBLE action grants everyone in your network HIGH defenses if their defense type is DATACOM. The defense bonus lasts until a SCAN action is successfully made against your INTERNAL NETWORK or until SCRAMBLE ends. Pufferfish cannot be re-applied in the same SCENE.,Provide false information on SCANS.
Obliterator Protocol,TEK Routine,1,1,50000,UNCOMMON,No Permit,Allows your TEK weapon to run on the Obliterator protocol,
FireZap,TEK Routine,1,1,110000,RARE,Illegal,A HIGH power TECH weapon program designed to turn burn the nerves of your targets,
StrikeNet,TEK Routine,2,1,220000,LIMITED,No Permit,A MORALE based energy program designed to penetrate and punish defenses.,
Cortex Killer,TEK Routine,2,2,1800000,UNIQUE,Illegal,Allows your TEK weapon to run on the Cortex Killer protocol,
TriggerHappy,TEK Routine,1,2,50000,COMMON,No Permit,A common program designed to emulate the effects of needler weapons with a TEK gun,
Killjoy,TEK Routine,1,1,50000,UNCOMMON,Restricted,A common TEK weapon pick that cause severe mental distress from high frequency gravity waves.,
MurderMesh,TEK Routine,2,1,130000,RARE,Illegal,A murder mesh modifies TEK payload to detonate into liquid plasma in a 2m radius that sets targets on fire.,
NeuroStun,TEK Routine,1,1,50000,UNCOMMON,Restricted,A highly effective TEK weapon pacifier program that literally force the target's brain to shutdown.,
DeathWhisper,TEK Routine,2,2,400000,LIMITED,Classified,Rumors have it that this TEK weapon program can conjure spirits that will rip the soul right out of its targets.,
Verminator,Tronik TEK Routine,2,1,300000,LIMITED,Classified,A secret project designed to grant TEK weapons the ability to obliterate all types of defenses.,
PROGRAMS,,,,,,,,
Name,Type,MEMORY,CPU,Cost,Availability,Legality,Effect,Description
1- Crypto-cat,EXTERNAL CYBER ATTACK,1,1,30000,COMMON,Illegal,"When using Crypto-Cat to perform a CYBER ATTACK against an EXTERNAL NETWORK, for every mitigated success you prevents 1 user from being affected by one ROUTINE (defender's choice). Any success leftover if no routines or users are available is dealt to the SYSTEM.",Encrypt the system it infects
2- Crypto-cat,INTERNAL CYBER ATTACK,1,1,30000,COMMON,Illegal,"When using Crypto-Cat to perform a CYBER ATTACK against an INTERNAL NETWORK, for every mitigated success you returns one ROUTINE (defender's choice) to memory. Any success leftover if no routines are available is dealt to the SYSTEM.",
3- Crypto-cat,CORE CYBER ATTACK,1,1,30000,COMMON,Illegal,"When using Crypto-Cat to perform a CYBER ATTACK against a CORE NETWORK, for every mitigated success you steals one ROUTINE (defender's choice) from the defender's memory. Any success leftover if no routines are available is dealt to the SYSTEM.",
1- Sledgehammer,EXTERNAL CYBER ATTACK,1,2,4000,COMMON,Restricted,"When using Sledgehammer to perform a CYBER ATTACK against an EXTERNAL NETWORK your attack gains a SMALL bonus to your HACKING result, but cannot be OBFUSCATED.",When subtlety just won't do
2- Sledgehammer,INTERNAL CYBER ATTACK,1,2,4000,COMMON,Restricted,"When using Sledgehammer to perform a CYBER ATTACK against an INTERNAL NETWORK your attack gains a LARGE bonus to your HACKING result, but cannot be OBFUSCATED.",
3- Sledgehammer,CORE CYBER ATTACK,1,2,4000,COMMON,Restricted,"When using Sledgehammer to perform a CYBER ATTACK against a CORE NETWORK your attack gains a LARGE bonus to your HACKING result, but cannot be OBFUSCATED. Any damage to the CORE system applies the DAZED AILMENT to every NODE owners.",
1- Slurm,EXTERNAL CYBER ATTACK,1,1,10000,UNCOMMON,Illegal,When using Slurm to perform a CYBER ATTACK against an EXTERNAL NETWORK you add a cumulative VULNERABILITY 1 AILMENT against ALL damage to one NODE and OWNER of your choice. (Maintenance save removes all stacks of vulnerability).,An upgraded CYBER ATTACK skill that renders a network vulnerable to subsequent attacks.
2- Slurm,INTERNAL CYBER ATTACK,1,1,10000,UNCOMMON,Illegal,When using Slurm to perform a CYBER ATTACK against an INTERNAL NETWORK you add cumulative VULNERABILITY 1 AILMENT against ALL damage to every NODE and NODE OWNER on the NETWORK. (Maintenance save removes all stacks of vulnerability).,
3- Slurm,CORE CYBER ATTACK,1,1,10000,UNCOMMON,Illegal,When using Slurm to perform a CYBER ATTACK against a CORE NETWORK you add your mitigated result as a VULNERABILITY X AILMENT against ALL damage done to every NODE and NODE OWNER on the NETWORK. (Maintenance save removes all stacks of vulnerability) ,
1- Smoke Break,EXTERNAL CYBER ATTACK,1,1,120000,UNCOMMON,Illegal,"When using Smoke Break to perform a CYBER ATTACK against an EXTERNAL NETWORK, in addition to the SYSTEM DAMAGE, one routines (defender's choice) on the targeted network provide no benefits and cannot be used until next turn.",A CYBER ATTACK that prevents network from changing running routines.
2- Smoke Break,INTERNAL CYBER ATTACK,1,1,120000,UNCOMMON,Illegal,"When using Smoke Break to perform a CYBER ATTACK against an INTERNAL NETWORK, in addition to the SYSTEM DAMAGE, all routines on the targeted network provide no benefits and cannot be used until next turn.",
3- Smoke Break,CORE CYBER ATTACK,1,1,120000,UNCOMMON,Illegal,"When using Smoke Break to perform a CYBER ATTACK against a CORE NETWORK, in addition to the SYSTEM DAMAGE, all routines on the targeted network are DESTROYED.",
1- Cry Wolf,EXTERNAL CYBER ATTACK,2,1,30000,RARE,Restricted,"When using Cry Wolf to perform a CYBER ATTACK against an EXTERNAL NETWORK while OBFUSCATED, you can prevent your OFFUSCATED count from counting this attack but once OBFUSCATION ends you gives FREE LOCK ON to the enemy on every user of your NETWORK. This effect cannot be used if you are the only user in your NETWORK.",A covert attack program designed to misdirect attention
2- Cry Wolf,INTERNAL CYBER ATTACK,2,1,30000,RARE,Restricted,"When using Cry Wolf to perform a CYBER ATTACK against an INTERNAL NETWORK while OBFUSCATED, you can prevent your OFFUSCATED count from counting this attack but once OBFUSCATION ends you gives FREE LOCK ON to the enemy against a user of your choice within your NETWORK.",
3- Cry Wolf,CORE CYBER ATTACK,2,1,30000,RARE,Restricted,"When using Cry Wolf to perform a CYBER ATTACK against a CORE NETWORK while OBFUSCATED you can, instead of dealing SYSTEM damage, increase your OBFUSCATION count by your mitigated CYBER ATTACK result.",
1- Black Out,EXTERNAL CYBER ATTACK,1,1,20000,UNCOMMON,Illegal,When using Black Out to perform a CYBER ATTACK against an EXTERNAL NETWORK will also reduce charge count of a FORCEFIELD of your choice connected to that network by 1.,Forces all connected network shields and forcefields to shutdown.
2- Black Out,INTERNAL CYBER ATTACK,1,1,20000,UNCOMMON,Illegal,When using Black Out to perform a CYBER ATTACK against an INTERNAL NETWORK will also reduce the charge count of all FORCEFIELD connected to that network by 1.,
3- Black Out,CORE CYBER ATTACK,1,1,20000,UNCOMMON,Illegal,When using Black Out to perform a CYBER ATTACK against a CORE NETWORK will also reduce the charge count of all FORCEFIELD connected to that network to 0.,
1- Exile,EXTERNAL CYBER ATTACK,1,1,9000,UNCOMMON,Restricted,"When using Exile to perform a CYBER ATTACK against an EXTERNAL NETWORK, if you deal enough damage to recude the layer to 0 SYSTEM, one random node within that network will be booted from the network; end any effect granted to that node by the network immediately.",Disconnects and prevent a node from rejoining the network.
2- Exile,INTERNAL CYBER ATTACK,1,1,9000,UNCOMMON,Restricted,"When using Exile to perform a CYBER ATTACK against an INTERNAL NETWORK, if you deal enough damage to recude the layer to 0 SYSTEM, one node  of your choice within that network will be booted from the network; end any effect granted to that node by the network immediately. You can target friendly nodes within your own network as well.",
3- Exile,CORE CYBER ATTACK,1,1,9000,UNCOMMON,Restricted,"When using Exile to perform a CYBER ATTACK against a CORE NETWORK, instead of dealing SYSTEM damage you apply your mitigated success to the number of nodes that will be booted from the network; end any effect granted to that node by the network immediately. You can target friendly nodes within your own network as well if attackers have reached your CORE.",
1- Power Surge,EXTERNAL CYBER ATTACK,1,1,50000,RARE,Illegal,"When using Power Surge to perform a CYBER ATTACK against an EXTERNAL NETWORK, if the attack reduces the SYSTEM to 0, every connected NODE trigger an explosion dealing [LOW] 5D + 1 ENERGY HEALTH damage in a 5m radius from the device.",Device power source will malfunction and explode once the system can no longer function.
2- Power Surge,INTERNAL CYBER ATTACK,1,1,50000,RARE,Illegal,"When using Power Surge to perform a CYBER ATTACK against an INTERNAL NETWORK, if the attack reduces the SYSTEM to 0, every connected NODE trigger an explosion dealing [HIGH] 5D + 3 ENERGY HEALTH damage in a 5m radius from the device.",
3- Power Surge,CORE CYBER ATTACK,1,1,50000,RARE,Illegal,"When using Power Surge to perform a CYBER ATTACK against a CORE NETWORK, if the attack reduces the SYSTEM to 0, every connected NODE trigger an explosion dealing [EXTREME] 5D + 5 ENERGY HEALTH damage in a 5m radius from the device.",
1- Nurse CHAINSAW,EXTERNAL CYBER ATTACK,2,1,300000,LIMITED,Illegal,"When using Nurse Chainsaw to perform a CYBER ATTACK against an EXTERNAL NETWORK, you deal no SYSTEM DAMAGE, instead one NODE OWNER of your choice cannot recover from AILMENTS during the next MAINTENANCE PHASE.",A CYBER ATTACK that triggers the medical monitoring and tries to fight off fake threats.
2- Nurse CHAINSAW,INTERNAL CYBER ATTACK,2,1,300000,LIMITED,Illegal,"When using Nurse Chainsaw to perform a CYBER ATTACK against an INTERNAL NETWORK, you deal no SYSTEM DAMAGE, instead all network users of the targeted network cannot recover from AILMENTS during the next MAINTENANCE PHASE.",
3- Nurse CHAINSAW,CORE CYBER ATTACK,2,1,300000,LIMITED,Illegal,"When using Nurse Chainsaw to perform a CYBER ATTACK against a CORE NETWORK, you deal no SYSTEM DAMAGE, instead all network users of the targeted network suffer double AILMENTS effects (when applicable) and cannot recover from AILMENTS during the next MAINTENANCE PHASE.",
1- Friend maker 3000,EXTERNAL CYBER ATTACK,1,2,30000,RARE,Restricted,"When using Friend Maker 3000  to perform a CYBER ATTACK against an EXTERNAL NETWORK, you change the FoF of the target network to include one of your allies until next maintenance. (hacker's choice). Ranged enemy weapons that are not OLD will not be able to target that person without a QUICK DC 5 TECHNOLOGY action to override the FoF.","A CYBER ATTACK that messes with the FoF identification, rending weapons useless."
2- Friend maker 3000,INTERNAL CYBER ATTACK,1,2,30000,RARE,Restricted,"When using Friend Maker 3000  to perform a CYBER ATTACK against an  INTERNAL NETWORK, you change the FoF of the target network to include all of your allies until next maintenance. Ranged enemy weapons that are not OLD will not be able to target without a quick DC5 TECHNOLOGY action to override the FoF on every attack.",
3- Friend maker 3000,CORE CYBER ATTACK,1,2,30000,RARE,Restricted,"When using Friend Maker 3000 to perform a CYBER ATTACK against a CORE NETWORK, you override the FoF of the target network to attack its own allies until next maintenance. Any DRONE, TEK or Ranged enemy weapons that are not OLD will only shoot at allies person unless a QUICK DC5 TECHNOLOGY action is performed to override the FoF for every device.",
1- Hi I'm BOB,EXTERNAL CYBER ATTACK,1,1,30000,COMMON,Illegal,"When using Hi I'm bob to perform a CYBER ATTACK against an EXTERNAL NETWORK, your also gain the effect of one the target network's ROUTINES (defender's choice) until the next maintenance.",CYBER ATTACK that Infects network to make it believe you are a member of it.
2- Hi I'm BOB,INTERNAL CYBER ATTACK,1,1,30000,COMMON,Illegal,"When using Hi I'm bob to perform a CYBER ATTACK against an INTERNAL NETWORK, your network also gain the effect of all of the target network's ROUTINES until the next maintenance.",
3- Hi I'm BOB,CORE CYBER ATTACK,1,1,30000,COMMON,Illegal,"When using  Hi I'm bob to perform a CYBER ATTACK against a CORE NETWORK,You change the target network's ROUTINES to only apply to your NETWORK until the next maintenance.",
1- Kernel panic,EXTERNAL CYBER ATTACK,1,2,40000,UNCOMMON,Restricted,"When using Kernel Panic to perform a CYBER ATTACK against an EXTERNAL NETWORK, in addition to the SYSTEM damage, defender's network has its CPU lowered by 1 (Min 0) until next maintenance.",A CYBER ATTACK that cause the infected network to target itself with its various routines.
2- Kernel panic,INTERNAL CYBER ATTACK,1,2,40000,UNCOMMON,Restricted,"When using Kernel Panic to perform a CYBER ATTACK against an INTERNAL NETWORK, in addition to the SYSTEM damage, defender's network has its CPU lowered by your mitigated result (Min 0) until next maintenance.",
3- Kernel panic,CORE CYBER ATTACK,1,2,40000,UNCOMMON,Restricted,"When using Kernel Panic to perform a CYBER ATTACK against a CORE NETWORK, in addition to the SYSTEM damage, defender's network has its CPU lowered to 0 and any ROUTINES running are forced back in MEMORY.",
1- Randomizer,EXTERNAL CYBER ATTACK,1,1,80000,RARE,Illegal,"When using Randomizer to perform a CYBER ATTACK against an EXTERNAL NETWORK, the following effects apply depending on your LUCK dice result. On a critical success, you deal double SYSTEM DAMAGE, on a success, you deal maximum damage, on a faillure you deal no damage and on a critical faillure your own network takes maximum damage.",A CYBER ATTACK that also causes some routines to shut down randomly
2- Randomizer,INTERNAL CYBER ATTACK,1,1,80000,RARE,Illegal,"When using Randomizer to perform a CYBER ATTACK against an INTERNAL NETWORK, the following effects apply depending on your LUCK dice result. On a critical success, you deal double SYSTEM DAMAGE, on a success, you deal maximum damage, on a faillure you deal minimum damage and on a critical faillure you deal no damage.",
3- Randomizer,CORE CYBER ATTACK,1,1,80000,RARE,Illegal,"When using Randomizer to perform a CYBER ATTACK against a CORE NETWORK, the following effects apply depending on your LUCK dice result. On a success, all connected users suffer a MENTAL TRAUMA, on a faillure you deal normal SYSTEM damage.",
1- Birthday Surprise,EXTERNAL CYBER ATTACK,1,1,110000,RARE,Illegal,"When using Birthday Surprise to perform a CYBER ATTACK against an EXTERNAL NETWORK, if your damage drops the EXTERNAL SYSTEM to 0, you can detonate one explosive device of your choice that belongs to any target NETWORK users.",
2- Birthday Surprise,INTERNAL CYBER ATTACK,1,1,110000,RARE,Illegal,"When using Birthday Surprise to perform a CYBER ATTACK against an INTERNAL NETWORK, if your damage drops the INTERNAL SYSTEM to 0, you can detonate all of the explosive devices that belongs to a target NETWORK user of your choice.",
3- Birthday Surprise,CORE CYBER ATTACK,1,1,110000,RARE,Illegal,"When using Birthday Surprise to perform a CYBER ATTACK against a CORE NETWORK, if your damage drops the CORE SYSTEM to 0, you can detonate any number of explosive devices belonging to every NETWORK users.",
1- Nightmares,EXTERNAL CYBER ATTACK,2,2,250000,LIMITED,Illegal,"When using Nightmares to perform a CYBER ATTACK against an EXTERNAL NETWORK ; you only deal 1 SYSTEM damage, instead you deal [LOW] 4D + 3 TECH MORALE damage to the HOST NODE owner.",An horrendous program designed to render all network users insane.
2- Nightmares,INTERNAL CYBER ATTACK,2,2,250000,LIMITED,Illegal,"When using Nightmares to perform a CYBER ATTACK against an INTERNAL NETWORK ; you only deal 1 SYSTEM damage, instead you deal [MEDIUM] 4D + 3 TECH MORALE damage to all  (up to your EXPERTISE result) NODE owners on the target NETWORK.",
3- Nightmares,CORE CYBER ATTACK,2,2,250000,LIMITED,Illegal,"When using Nightmares to perform a CYBER ATTACK against a CORE NETWORK ; you only deal 1 SYSTEM damage, instead you deal [HIGH] 4D + 3 ONG TECH MORALE damage to all NODE owners on the target NETWORK.",
1- Rabid Racoon 42,EXTERNAL CYBER ATTACK,2,1,850000,UNIQUE,Classified,"When using Rabid Racoon 42 to perform a CYBER ATTACK against an EXTERNAL NETWORK, the SYSTEM damage gains the ONG tag.",Black market tronik code designed to obliterate a network.
2- Rabid Racoon 42,INTERNAL CYBER ATTACK,2,1,850000,UNIQUE,Classified,"When using Rabid Racoon 42 to perform a CYBER ATTACK against an INTERNAL NETWORK, the SYSTEM damage gains the ONG tag. When the ONG damage deals SYSTEM damage every NODE OWNER on the network gain the ONG AILMENT for an equivalent amount of MORALE damage.",
3- Rabid Racoon 42,CORE CYBER ATTACK,2,1,850000,UNIQUE,Classified,"When using Rabid Racoon 42 to perform a CYBER ATTACK against a CORE NETWORK, the SYSTEM damage gains the ONG tag. If the ONG damage deals SYSTEM damage every NODE owner on the network gain the ONG AILMENT for double the amount of MORALE damage.",
1- Nul Protocol,EXTERNAL CYBER ATTACK,2,2,1800000,UNIQUE,Classified,"When using Nul Protocol to perform a CYBER ATTACK against an EXTERNAL NETWORK, if the attack deals enough SYSTEM damage to reduce the layer to 0 the HOST NODE owner suffer a MENTAL TRAUMA.",An highly illegal piece of code that was stollen in the tronik wars
2- Nul Protocol,INTERNAL CYBER ATTACK,2,2,1800000,UNIQUE,Classified,"When using Nul Protocol to perform a CYBER ATTACK against an INTERNAL NETWORK, if the attack deals enough SYSTEM damage to reduce the layer to 0 all NODE owners suffer a MENTAL TRAUMA.",
3- Nul Protocol,CORE CYBER ATTACK,2,2,1800000,UNIQUE,Classified,"When using Nul Protocol to perform a CYBER ATTACK against a CORE NETWORK, if the attack deals enough SYSTEM damage to reduce the layer to 0 all NODE owners DIE.",
1- Code Injection, EXTERNAL DISRUPT,1,1,8000,COMMON,Restricted,"When using Code Injection to perform a DISRUPT against an EXTERNAL NETWORK, the target suffer a SMALL penalty to all skills and you also steal the benefits of an active ROUTINE (defender's choice) for yourself until next maintenance.",Deep DISRUPT designed to redirect routines.
2- Code Injection,INTERNAL DISRUPT,1,1,8000,COMMON,Restricted,"When using Code Injection to perform a DISRUPT against anINTERNAL NETWORK, all network users suffer a SMALL penalty to all skills and you also steal the benefits of all of the active ROUTINES for yourself until next maintenance.",
3- Code Injection,CORE DISRUPT,1,1,8000,COMMON,Restricted,"When using Code Injection to perform a DISRUPT against a CORE NETWORK, all targets suffer a LARGE penalty to all skills and you steal the benefits of all of their ROUTINES (active or not) to your NETWORK until next maintenance.",
1- Spam, EXTERNAL DISRUPT,1,1,10000,UNCOMMON,Restricted,"When using Spam to perform a DISRUPT against an EXTERNAL NETWORK, the SMALL penalty to all skills from a successful DISRUPT is now an AILMENT on the target and will last until it is saved during MAINTENANCE.",A DISRUPT program that messes with its users by bothering them at the worst possible times.
2- Spam,INTERNAL DISRUPT,1,1,10000,UNCOMMON,Restricted,"When using Spam to perform a DISRUPT against an INTERNAL NETWORK, the SMALL penalty to all skills from a successful DISRUPT is now an AILMENT on all network users and will last until it is saved during MAINTENANCE.",
3- Spam,CORE DISRUPT,1,1,10000,UNCOMMON,Restricted,"When using Spam to perform a DISRUPT against a CORE NETWORK, the SMALL penalty to all skills from a successful DISRUPT is now permanent on this NETWORK. Network will have to be recreated to remove it.",
1- Nerf This!, EXTERNAL DISRUPT,1,1,50000,RARE,Illegal,"When using Nerf This! to perform a DISRUPT against an EXTERNAL NETWORK, all network users have their EXPERTISE reduced by 3 until next maintenance.",A program designed to mess with the maintenance and ease of use of technology
2- Nerf This!,INTERNAL DISRUPT,1,1,50000,RARE,Illegal,"When using Nerf This! to perform a DISRUPT against an INTERNAL NETWORK, all network users have their EXPERTISE set to -3 until next maintenance.",
3- Nerf This!,CORE DISRUPT,1,1,50000,RARE,Illegal,"When using Nerf This! to perform a DISRUPT against a CORE NETWORK, all network users now have their EXPERTISE set to a negative value equal to your mitigated CYBER ATTACK result until next maintenance.",
1- Decalibrate, EXTERNAL DISRUPT,1,1,130000,RARE,Illegal,"When using Decalibrate to perform a DISRUPT against an EXTERNAL NETWORK, the target also has a CRITICAL FAILLURE increase by 1 for all skills or by 3 to a single skill if you used the specific skill version of DISRUPT. ",A specialised version of DISRUPT designed to sabotage equipment
2- Decalibrate,INTERNAL DISRUPT,1,1,130000,RARE,Illegal,"When using Decalibrate to perform a DISRUPT against an INTERNAL NETWORK, you now affect all network USERS, their CRITICAL FAILLURE increase by 1 for all skills or by 3 to a single skill if you used the specific skill version of DISRUPT. ",
3- Decalibrate,CORE DISRUPT,1,1,130000,RARE,Illegal,"When using Decalibrate to perform a DISRUPT against a CORE NETWORK, all network users gain a LARGE penalty to all skills and a +3 to CRITICAL FAILLURE.",
1- Gag order, EXTERNAL DISRUPT,2,2,340000,LIMITED,Illegal,"When using Gag Order to perform a DISRUPT against an EXTERNAL NETWORK, you disable enemy network communications. Everyone on the NETWORK now function as individual NODES and cannot access each others MEMORY.","When the user speaks through his communication devices, nothing is really audible"
2- Gag order,INTERNAL DISRUPT,2,2,340000,LIMITED,Illegal,"When using Gag Order to perform a DISRUPT against an INTERNAL NETWORK, you reduce the range of all ROUTINES, TEK WEAPONS, PROGRAMS or GADGETS of that network to Short range only.",
3- Gag order,CORE DISRUPT,2,2,340000,LIMITED,Illegal,"When using Gag Order to perform a DISRUPT against a CORE NETWORK, you remove the range of all ROUTINES, TEK WEAPONS, PROGRAMS or GADGETS of that network to Melee range only.",
1- Master Key,EXTERNAL LOCK-ON,1,1,70000,RARE,Restricted,"When using Master Key to perform a LOCK-ON against an EXTERNAL NETWORK, you run master key as a BURST action (roll twice pick best result)",Superior LOCK-ON software that can attach to entire networks.
2- Master Key,INTERNAL LOCK-ON,1,1,70000,RARE,Restricted,"When using Master Key to perform a LOCK-ON against an INTERNAL NETWORK, you can run master key as a FULL AUTO action that requires a COMPLEX action but EXPERTISE value now grants additional LOCK-ON targets.",
3- Master Key,CORE LOCK-ON,1,1,70000,RARE,Restricted,"When using Master Key to perform a LOCK-ON against a CORE NETWORKS, master key grants automatic LOCK-ON against all network NODES and DEVICES.",
1- Publix Edumacation, EXTERNAL SCAN,1,1,10000,UNCOMMON,Restricted,"When using Publix Edumacation to perform a SCAN against an EXTERNAL NETWORK, your SCAN action can now identify ROUTINES (one MEMORY per mitigated success). ",SCAN and tamper with a Skillsoft to provide bad information and mess with the user's skills.
2- Publix Edumacation,INTERNAL SCAN,1,1,10000,UNCOMMON,Restricted,"When using Publix Edumacation to perform a SCAN against an INTERNAL NETWORK, your SCAN action identifies all ROUTINES on the NETWORK; you can now reverse (when applicable) one ROUTINE of your choice per mitigated success until the next maintenance.",
3- Publix Edumacation,CORE SCAN,1,1,10000,UNCOMMON,Restricted,"When using Publix Edumacation to perform a SCAN against a CORE NETWORK, your SCAN action identifies all ROUTINES on the NETWORK; you can now reverse (when applicable) one ROUTINE of your choice per mitigated success until the next maintenance. Anyone that deactivates a reversed ROUTINE suffers a guaranteed MORALE TRAUMA.",
1- Data dump, EXTERNAL SCAN,1,1,5000,COMMON,No Permit,"When using Data Dump to perform a SCAN against an EXTERNAL NETWORK, you can now run the SCAN as a COMPLEX action to apply your DATACOM's EXPERTISE to the amount of MEMORY stolen.",Steals data from a network
2- Data dump,INTERNAL SCAN,1,1,5000,COMMON,No Permit,"When using Data Dump to perform a SCAN against an INTERNAL NETWORK, You are now able to use SCAN as a COMPLEX action with the FULL AUTO rules. Every successful FULL AUTO hit, lets you steal the entire SCAN memory value. As the attacker, you get to decide how to divide up the hits among the targets on the network or use them all on a single target.",
3- Data dump,CORE SCAN,1,1,5000,COMMON,No Permit,"When using Data Dump to perform a SCAN against a CORE NETWORK, you are now able to use SCAN as a COMPLEX action with the FULL AUTO rules, this action is an automatic CRITICAL SUCCESS. Every FULL AUTO hit, lets you steal the entire SCAN memory value. As the attacker, you get to decide how to divide up the hits among the targets on the network or use them all on a single target.",
1- Thermites, EXTERNAL SCAN,1,1,60000,RARE,Illegal,"When using Thermites to perform a SCAN against an EXTERNAL NETWORK, you also apply the VULNERABILITY 1 AILMENT against SYSTEM damage.",SCAN for enemy network weaknesses.
2- Thermites,INTERNAL SCAN,1,1,60000,RARE,Illegal,"When using Thermites to perform a SCAN against an INTERNAL NETWORK, you also apply the VULNERABILITY 1 AILMENT against ALL damage to every NODE OWNERS.",
3- Thermites,CORE SCAN,1,1,60000,RARE,Illegal,"When using Thermites to perform a SCAN against a CORE NETWORK, you also apply a VULNERABILITY to ALL damage AILMENT equal to your mitigated SCAN success to every NODE OWNERS.",
1- Proxymus, EXTERNAL SCAN,1,2,400000,LIMITED,Illegal,"When using  Proxymus to perform a SCAN action against an EXTERNAL NETWORK, you can forego the normal SCAN result to instead redirrect the next HACKING, CYBERINTEL or OPERATOR action to an ally of your choice.",a SCAN that allows you to intercept and filter the actions of an enemy NETWORK.
2- Proxymus,INTERNAL SCAN,1,2,400000,LIMITED,Illegal,"When using  Proxymus to perform a SCAN action against an INTERNAL NETWORK, you can forego the normal SCAN result to instead redirrect all HACKING, CYBERINTEL or OPERATOR actions to an ally of your choice until next maintenance.",
3- Proxymus,CORE SCAN,1,2,400000,LIMITED,Illegal,"When using  Proxymus to perform a SCAN action against a CORE NETWORK, you can forego the normal SCAN result to instead redirrect all HACKING, CYBERINTEL or OPERATOR actions to any target of your choice until next maintenance.",
1- Doom,EXTERNAL TRONIK CYBER ATTACK,3,2,1200000,LIMITED,Classified,"When using Doom to perform a CYBER ATTACK against an EXTERNAL NETWORK , the HOST NODE owner loses 1 MORALE for each SYSTEM lost on his network.",
2- Doom,INTERNAL TRONIK CYBER ATTACK,3,2,1200000,LIMITED,Classified,"When using DOOM to perform a CYBER ATTACK against an INTERNAL NETWORK, all NODE owners lose 1 MORALE for each SYSTEM lost on the network. If the INTERNAL NETWORK is reduced to 0 SYSTEM, every NODE owner suffer a MORALE TRAUMA.",
3- Doom,CORE TRONIK CYBER ATTACK,3,2,1200000,LIMITED,Classified,"When using DOOM to perform a CYBER ATTACK against a CORE NETWORK, all NODE owners lose 1 MORALE for each SYSTEM lost on the network. If the INTERNAL NETWORK is reduced to 0 SYSTEM, every NODE owner DIES.",
,,,,,,,,
,,,,,,,,
,,,,,,,,
GADGETS,,,,,,,,
Name,Action,MEMORY,NANITE,Cost,Availability,Legality,Skill Effect,Description
High Powered Communications,COMPLEX,1,1,20000,COMMON,No Permit,As a COMPLEX action your nanites form a planetary range communication array. Until the end of the SCENE your DATACOM maximum range extends to low planetary orbit. Activating this NANITE renders OBFUSCATION impossible and if used for any action other than transfer of information it applies a LARGE penalty.,Greatly boost your Datacom range capabilities
Anti-Theft System,QUICK,1,1,8000,COMMON,No Permit,For the next 10 hours your nanites will prevent theft or access to your datacom and sound an alarm that can be heard at 50m (or silent if configured that way) if breached. Can be used to cover something else than your datacom.,Program your nanites to act as a watchdog
Scouting protocols,SCENE,2,1,20000,COMMON,No permit,Provides you with map data and detailed layout of environments and targets in a 100m radius after a 5 minute SCAN. Nanites do not access restricted environments. Nanites are not concealed and can be destroyed if seen.,"Your nanites will fan out and scout the area, providing intel."
Do you Lift bro?,COMPLEX,1,3,30000,COMMON,No Permit,"Nanites in DATACOM range will carry one EXTRA LARGE item of up to 100 KG for a SCENE or help move a HUGE item of up to 500 pounds (Gain a LARGE bonus to PHYSICAL skills checks to lift, break, push, pull or hold.)",Your nanites will assist with transport and lifting of objects
Additional Storage,COMPLEX,1,*,30000,COMMON,No Permit,You can reserve a number of nanites to increase MEMORY by that same amount (up to max datacom nanite capacity). Nanites reserved do not recover until released.,Force your nanites to act as additional storage
Hidden surprises,STANDARD,1,2,20000,RARE,Illegal,"Your nanites to form any MELEE weapon up to size medium. Weapon counts as a DRONE, can be used anywhere within datacom range with an OPERATOR roll or you can use it as a normal MELEE weapon with MARTIAL ARTS.",Detailed instructions for your nanites to form a Melee weapon.
Toolkit,COMPLEX,1,1,10000,COMMON,No Permit,Until the end of the SCENE you have the tools required for one specific type of job. The tools are basic but adequate. ,Provides basic tools required for various jobs
Smart Assist,QUICK,1,1,50000,UNCOMMON,Restricted,Add the SMART special capability to a AMMO based weapon in DATACOM range until the end of the SCENE,Adds SMART capabilities to weapons
Shield Link,STANDARD,1,1,50000,UNCOMMON,No Permit,You can spend a number of NANITES to recharge an equivalent amount of FORCEFIELD charges.,Emergency shield reinforcement
Adaptive Reinforcement,STANDARD,1,3,130000,UNCOMMON,No permit,"Your Nanites will form a protective shell granting one target of your choice within DATACOM range one of the following options: HARDENNED, INSULATED, HACKPROOF or SPIRITPROOF,  until the end of the scene.",Adapt defenses using NANITES
Infiltrate,SCENE,2,1,250000,UNCOMMON,Illegal,Provides you with map data and detailed layout of environments and targets in a 100m radius after a 5 minute SCAN. Nanites can access restricted environments. Nanites are concealed (DC 8 to PERCEPTION or SCAN them) and can be destroyed if seen.,"Your nanites will fan out and covertly scout the area, providing detailed intel."
Parachute,QUICK,1,2,30000,UNCOMMON,No Permit,When activated your nanites can slow down the fall of any person or item in DATACOM range enabling a safe landing. Max size is HUGE and max weight is 200KG.,Nanites can be triggered to slow down and break falls
Meshed Systems,STANDARD,1,*,20000,UNCOMMON,No Permit,When active you can spend any number of nanites to recover an equal amount of SYSTEM points to any layer of your network that is above 0 SYSTEM.,Program your nanites to act as hacking decoys.
Rogue Bane,COMPLEX,1,1,30000,UNCOMMON,Illegal,"Set a trigger condition within DATACOM range and pay the NANITE cost, until the end of the SCENE, if that condition is met, your nanites trigger and deal [MEDIUM] 5D + 4 ENERGY HEALTH damage in a 5m radius.",Program your nanites to act as a landmine
Charging ports,QUICK,1,1,10000,UNCOMMON,No Permit,"Instantly recharge an Energy weapon, or provide power to a personal devices in use by a NETWORK user.",Your nanites will assist with the recharge rate of energy weapons and devices.
Armor-UP,QUICK,1,1,30000,UNCOMMON,Restricted,One target of your choice within DATACOM range has a DEFENSE of your choice raised to EXTREME until the next maintenance.,Order your nanites to protect someone or something
Deep scanner,COMPLEX,1,1,30000,UNCOMMON,Restricted,Adds a LARGE bonus to any skill check that need detailed information on a specific object.,Order your nanites to perform a deep scan or a target or item.
Ghost Control Module,COMPLEX,1,2,10000,UNCOMMON,No Permit,Order your NANITES to manage one DRONE under your control. Until the end of the SCENE one drone no longer cost CPU to perform its basic actions.,Your nanites will take over management of a drone.
Nanocable,STANDARD,1,1,20000,UNCOMMON,Illegal,Your NANITES create a thin (1HP) invible wire (Concealment 5 TYPE I and II) you can throw to attack to technological devices. If you hit the target with a DEXTERITY skill check you are directly connected to the target device (Bypass External Network). Range is 1/3/5m.,Your nanites can be aimed at a target to form a direct hacking link.
Workshop,SCENE,2,3,80000,UNCOMMON,No Permit,Until the end of the scene you have advanced tools required for one specific type of job. The tools provide the same functionality as being in a workshop.,Provide extensive tools and devices required for complex jobs
Etheral Knives,QUICK,1,1,90000,RARE,Restricted,Your NANITES create 5 MONOMOLECULAR Throwing Knives or Shirukens. The weapons can be thrown with DEXTERITY checks and disappear after being thrown.,Generate some throwing weapons out of raw nanites
A.M.M.O,STANDARD,1,2*,20000,UNCOMMON,No Permit,"Your NANITES replaces the AMMO of the next S,M or L magazine in an AMMO based weapon on the NETWORK. Your free AMMO will last until the magazine is empty or the SCENE ends. *Nanite cost is doubled for HEAVY AMMO.",You can order your nanites to form any type of munitions.
Shelter,COMPLEX,1,1,10000,UNCOMMON,No Permit,"Your nanites will form a rudimentary shelter, blocking elements and shielding you from the worst of conditions. For the next hour you are considered to have the INNOCULATION special modifier (protects against non lethal environmental hazards. Gain a LARGE bonus to skills rolls against lethal environmental hazards and ailments.",Provides protection from the environment.
Kill switch,QUICK,1,1,30000,RARE,Illegal,"Your NANITES are now capable of deleting any incriminating evidence on your datacom, or themselves. The trigger can be anything you pick. ",Give a command to your nanites to wipe clean your datacom of all data.
The IGOR special,STANDARD,1,2,120000,RARE,Illegal,You command your nanites to turn an allied DATACOM or DRONE within your NETWORK into a 10m radius smart bomb that deals [HIGH] 8D + 4 ENERGY HEALTH damage. (DATACOM is destroyed after use),Command your nanites to overload a device turning it into a powerful bomb.
Rip to Shreds,FREE,1,1,110000,RARE,Illegal,As a FREE ACTION you can spend 1 NANITE so that a CYBER ATTACK deal TECH HEALTH damage against a target equal to the SYSTEM damage being dealt.,Order your nanites to attack a target.
Triage,STANDARD,1,1,140000,RARE,No Permit,When used alongside a LEADERSHIP skill check you recover the MORALE or HEALTH of an allied target within DATACOM RANGE by X. ,Program your nanites to provide emergency mental therapy to a target.
Opticloak,STANDARD,2,3,140000,LIMITED,Restricted,Grants passive CONCEALMENT of 6 when not moving and a LARGE bonus to CONCEALMENT when moving. Opticloak ends if you take any damage or after a SCENE,Nanites will distort light coming at you granting you insibility.
Tachyon communications,SCENE,1,2,600000,LIMITED,Restricted,Until the end of the SCENE you have access to a Tachyon communication array: Maximum range is increased to inter-planetary but receiving device must be a tachyon device as well. This additional range cannot be used for anything combat related. ,Nanites will form a Tachyon antenna
